{
    "pytorch_tabnet_v1": {
        "pr_auc": 0.8025572501452498,
        "p@1": 0.4305957200694043,
        "p@3": 0.15508433734939758,
        "p@5": 0.09443673374971084,
        "p@10": 0.0476507156281625
    }
}