{
    "pytorch_tabnet_v1": {
        "pr_auc": 0.686715796184746,
        "p@1": 0.35701956271576524,
        "p@3": 0.13540467970847717,
        "p@5": 0.08325182670732409,
        "p@10": 0.042343871357477775
    }
}